person1,person2,reason
Elena,Evan,
Elena,Jane,
Elena,Paige,
Elena,Leah,Roommates
Elena,Sophie,
Elena,Caroline,
Elena,Sami,
Elena,Tyler,Melissa
Elena,Nathan,Vasudha
Vasudha,Elena,Umich
Elena,Melissa,Roommates
Elena,Sophie,
Elena,Tam,
Evan,Jane,
Paige,Sami,
Sami,Leah,
Leah,Cassie,Wife
Leah,Siya,
Leah,Anvi,
Anvi,Alishba,
Elena,Ryan,Roommates
Leah,Ryan,Roommates
Leah,Tyler,Melissa
Leah,Nathan,
Leah,Nilchit,Novi
Vasudha,Leah,Umich
Leah,Sami,
Leah,Abby,Umich
Benson,Chloe,
Ryan,Chloe,
Siya,Hana,Roommates
Vivian,Hana,Coworker
Emily,Livi,bestie
Livi,Shreya,Roommates
Shreya,Kolbe,
Nathan,Ethan,Coworker
Nathan,Emmett,Coworker
Ethan,Emmett,Coworker
Ethan,Ryan,Emmett
Emmett,Mabel,College
Mabel,Steven,Boyfriend
Ryan,Sabriya,Reese Barrett
Ryan,Kolbe,UVA
Ryan,Tavini,UVA
Ryan,Nilchit,Melissa
Ryan,Melissa,Roommates
Ryan,Cody,Coworkers
Tavini,Kolbe,moots
Tavini,Anisa,insta mutuals
Tavini,Sabriya,moots
Kolbe,Anisa,Coworkers
Anisa,Isabella,Roommates
Kolbe,Nate,Colby
Kolbe,Colby,Boyfriend
Colby,Nate,1st grade
Kolbe,Preyonty,
Preyonty,Sabriya,
David,Ryan Z,lovers
David,Ami B,College
Ryan Z,Ami B,College
Kate,Marlo,Girlfriend
Marlo,Cody,Coworkers
Dylan,Marlo,Coworkers
Ami B,Dylan,College
Marlo,Juhi,
Juhi,Cody,
Marlo,Ami B,Coworkers
Ami B,Verna,College
Ami B,Juhi,College
Ami B,Shah,Pickleball
Ami B,Nhi,Roommates
Aditi,Aryan,
Aditi,Nhi,
Aryan,Nhi,
Aditi,Shivani,
Aryan,Shivani,
Madison,Shivani,Coworkers
Priya,Rana,friends
Priya,Nhi,friends
Nhi,Bent,
Nhi,Helen,friends
Bent,Aryan,
Bent,Helen,
Bent,Aditi,
Bent,Shivani,
Rana,Abby,Roommates
Shivani,Katherine,
Shivani,Veronica,Highschool
Shivani,Zeel,
Shivani,Helen,friends
Shivani,Katherine,
Zeel,Veronica,
Zeel,Helen,Coworkers
Mandy,Veronica,Roommates
Mandy,Helen,Roommates
Veronica,Helen,Coworkers
Veronica,Melissa,Coworkers
Veronica,Katherine,Coworkers
Helen,Abby,mutuals
Helen,Katherine,Coworkers
Nhi,Helen,friends
Helen,Melissa,Coworkers
Katherine,Erin,
Shivani,Erin,
Annie,Melissa,Umich
Abby,Melissa,Umich
Abby,Tyler,Umich
Abby,Vasudha,Umich
Abby,Nathan,Umich
Melissa,Tyler,Umich
Melissa,Annie,Umich
Tyler,Keon,Soccer
Tyler,West,Umich
Tyler,Leah,Melissa
Tyler,Vasudha,Sydney
Melissa,Nathan,Novi
Annie,Eva,Apt
Annie,Vivian,
Annie,Nathan,
Eva,Tiffany,
Eva,Abby,
Vivian,Tiffany,College
Param,Tam,Girlfriend
Param,Teja,
Param,Abhi,
Abhi,Teja,
Abhi,Jane,
Teja,Tam,
Teja,Bor,
Abhi,Tam,
Abhi,Bor,
Bor,Jane,
Tam,Jane,
Jane,Evan,
Hugo,Sophie,
Vasudha,Nathan,
Nathan,Gonjalo,
Nathan,Kody,
Kody,Nilchit,